<?xml version="1.0" encoding="utf-8"?>
<extension type="component" version="3.0" method="upgrade">
	<name>COM_THEATER</name>
	<creationDate>23.11.2013</creationDate>
	<author>M. Philipp</author>
	<authorEmail>phill@hab-verschlafen.de</authorEmail>
	<copyright>Copyright (C) 2013. All Rights Reserved</copyright>
	<license>GNU/GPL Version 2 or later - http://www.gnu.org/licenses/gpl-2.0.html</license>
	<version>0.8.0</version>
	<description><![CDATA[
		<h1>Theater (v.0.8.0)</h1>
		<div style="clear: both;"></div>
		<p>Redaktionstool für Theaterveranstaltungen. <strong>Built for Joomla 3.x</strong></p>
	]]></description>

	<!-- Runs on install; New in Joomla 1.5 -->
	<install>
		<sql>
			<file driver="mysql" charset="utf8">sql/install.mysql.utf8.sql</file>
		</sql>
	</install>

	<!-- Runs on uninstall; New in Joomla 1.5 -->
	<uninstall>
		<sql>
			<file driver="mysql" charset="utf8">sql/uninstall.mysql.utf8.sql</file>
		</sql>
	</uninstall>

	<!-- Runs on install/uninstall/update; New in Joomla 2.5 -->
	<scriptfile>script.php</scriptfile>

	<!-- Update Schema; New in Joomla 2.5 -->
	<update>
		<schemas>
			<schemapath type="mysql">sql/updates/mysql/</schemapath>
		</schemas>
	</update>

	<files folder="site">
		<filename>controller.php</filename>
		<filename>index.html</filename>
		<filename>router.php</filename>
		<filename>theater.php</filename>
		<folder>assets</folder>
		<folder>helpers</folder>
		<folder>models</folder>
		<folder>views</folder>
	</files>
	<administration>
		<menu img="components/com_theater/assets/images/icons/week_f21-16x16.png">COM_THEATER_MENU</menu>
		<submenu>
			<!-- Instead of link you can specify individual link attributes -->
			<menu option="com_theater" view="theater" img="components/com_theater/assets/images/icons/week_f21-16x16.png">COM_THEATER_MENU_THEATER</menu>
			<menu option="com_theater" view="locations" img="components/com_theater/assets/images/icons/frontpage3-16x16.png">COM_THEATER_MENU_LOCATIONS</menu>
			<menu option="com_theater" view="persons" img="components/com_theater/assets/images/icons/user1-16x16.png">COM_THEATER_MENU_PERSONS</menu>
			<menu option="com_theater" view="charts" img="components/com_theater/assets/images/icons/properties_f23-16x16.png">COM_THEATER_MENU_CHARTS</menu>
		</submenu>
		<files folder="admin">
			<filename>access.xml</filename>
			<filename>config.xml</filename>
			<filename>controller.php</filename>
			<filename>index.html</filename>
			<filename>theater.php</filename>
			<folder>assets</folder>
			<folder>controllers</folder>
			<folder>helpers</folder>
			<folder>models</folder>
			<folder>sql</folder>
			<folder>tables</folder>
			<folder>views</folder>
		</files>

		<languages folder="admin">
			<language tag="en-GB">language/en-GB/en-GB.com_theater.ini</language>
			<language tag="en-GB">language/en-GB/en-GB.com_theater.sys.ini</language>
			<language tag="de-DE">language/de-DE/de-DE.com_theater.ini</language>
			<language tag="de-DE">language/de-DE/de-DE.com_theater.sys.ini</language>
		</languages>

	</administration>
</extension>